Data,Count
Job,1
Web Developer,1
App Developer,1
API Developer,2
Web Developer ($250-$300)....,1
HTML/CSS Developer,1
Senior UI/UX Designer...,1
QA Tester,1
Sales Manager,1
B2B Sales & Client Management...,1
web前端,1
QUANTITY SURVEYOR (JUN...,1
MEP Head,1
Sale Consultant,1
Android 开发人员,1
Senior Web Developer,1
Senior PHP Developer,1
Senior Java Developer...,2
Senior  iOS Developer...,1
Mobile Game Developer Unity...,1
Senior Java Developer for Bank-end...,1
Senior Mobile Developer...,1
Web Front-end Developer...,1
Senior DotNet Developer for Back E...,1
Senior Backend Developer...,1
Senior Android Developer...,1
Senior  Android Developer...,1
Junior Software Developer...,1
Senior Front-End Developer...,1
