Job,Data
Web Developer,2022-10-03
App Developer,2022-06-28
API Developer,2023-10-09
API Developer,2023-06-07
Web Developer ($250-$300)....,2021-08-04
HTML/CSS Developer,2021-08-24
Senior UI/UX Designer...,21hours ago
QA Tester,1days ago
Sales Manager,2023-10-12
B2B Sales & Client Management...,2022-11-03
web前端,2022-10-22
QUANTITY SURVEYOR (JUN...,2021-09-18
MEP Head,2021-03-12
Sale Consultant,4hours ago
Android 开发人员,2023-05-26
Senior Web Developer,2022-02-11
Senior PHP Developer,2021-06-17
Senior Java Developer...,2hours ago
Senior  iOS Developer...,21hours ago
Senior Java Developer...,2021-06-15
Mobile Game Developer Unity...,2021-06-01
Senior Java Developer for Bank-end...,1days ago
Senior Mobile Developer...,2022-02-28
Web Front-end Developer...,2023-08-28
Senior DotNet Developer for Back E...,1days ago
Senior Backend Developer...,2022-07-28
Senior Android Developer...,2023-07-14
Senior  Android Developer...,21hours ago
Junior Software Developer...,2021-12-10
Senior Front-End Developer...,2023-02-06
